g,lr,rv,qi,r,p
0.1565,0.02165,0.545483207981,-3.75460569585,27,261
0.95819,0.20824,0.293725614066,-3.61352801883,15,145
0.42757,0.41847,0.861052569856,-2.87265790212,51,417
0.02654,0.8559,0.712906851349,-4.43625945943,59,365
0.73683,0.55902,0.554353903444,3.38256184693,70,234
0.96167,0.9457,0.307777068031,4.0499570547,30,186
0.16842,0.1407,0.0118840427693,-4.71140178194,1,188
0.74559,0.53129,0.522643328477,-0.0120982535792,80,256
0.15923,0.56911,0.982811243006,-3.93574812499,44,524
0.21968,0.86252,0.316262059687,1.84468407885,87,103
0.3582,0.72499,0.180045284853,-0.00333053716792,81,61
0.44503,0.29922,0.331088646048,4.57254325044,89,114
0.97238,0.22806,0.589049336708,0.946448441425,33,271
0.52088,0.68652,0.535753697291,0.0648172864486,68,208
0.61871,0.28923,0.0803154518478,1.19471224999,77,41
0.22595,0.75069,0.497788361157,0.182991651408,77,204
0.22926,0.70749,0.123834402643,2.1597963832,94,35
0.00474,0.9556,0.169559180355,-3.78752999628,90,72
0.10624,0.94194,0.690387895639,0.294640305916,64,333
0.76806,0.11044,0.421392444266,2.96909269289,75,184
0.32438,0.44545,0.642443682555,-4.49733427254,66,295
0.29432,0.01374,0.75263930503,-1.49751537658,48,400
0.18547,0.85317,0.783176290128,1.94019736735,59,371
0.46157,0.8626,0.21692256793,2.37298373982,95,86
0.22119,0.49883,0.513643323303,1.58343856733,76,224
0.9884,0.13004,0.465626304655,3.2690097927,14,260
0.75652,0.09278,0.253220868495,-2.00644191189,26,102
0.41121,0.04237,0.151728763546,1.57669891906,98,44
0.37777,0.20969,0.0565843204845,-1.31609064186,24,34
0.0335,0.47994,0.501216814009,4.01016616606,75,246
0.00169,0.73342,0.919964580741,3.51301135751,45,490
0.19809,0.13209,0.865314623798,2.33592532482,54,437
0.59699,0.91438,0.947019373721,-2.00725540927,39,497
0.5141,0.0185,0.447394097256,2.42721989953,80,175
0.03956,0.3126,0.656462358641,-3.66937065342,65,300
0.54207,0.93818,0.607441803532,-2.56381798073,71,272
0.7484,0.92385,0.421962989627,-1.5546568265,78,190
0.0559,0.17532,0.966854310244,1.05618096607,41,539
0.34588,0.02586,0.314285984698,-1.76013679301,49,143
0.29699,0.93318,0.991180944956,-3.31248409091,49,440
0.85732,0.20827,0.858715218658,-4.63089224629,43,478
0.38062,0.14969,0.853951019681,0.80843692471,54,412
0.18747,0.0607,0.479841305355,-4.2660975362,23,266
0.46339,0.47588,0.599180077722,4.16623823167,70,273
0.63126,0.69879,0.416773733981,2.67545655342,77,203
0.85606,0.26399,0.311883149821,1.90479163383,79,113
0.98967,0.44785,0.841453455372,1.04836866682,19,434
0.89399,0.30005,0.121210218118,3.2641118191,33,71
0.49033,0.55007,0.749174992778,-3.93700717628,59,386
0.07009,0.426,0.380971507376,-0.421067374867,88,152
0.26557,0.59751,0.146616428702,4.89708492343,96,66
0.74638,0.88045,0.588906867296,-4.77842826397,71,276
0.49308,0.13568,0.11031764107,0.267597326498,41,52
0.68861,0.25553,0.973483160579,0.115891661484,47,531
0.58264,0.40804,0.354993659275,4.07024634381,84,142
0.92552,0.16867,0.877229444154,-3.95595124802,29,482
0.31021,0.27301,0.343924816328,3.85145595196,85,122
0.66768,0.78244,0.192705931649,-4.8852337248,91,74
0.3765,0.06526,0.404220907722,-3.19748582814,60,178
0.22885,0.19179,0.0492049912305,-1.04933649606,64,38
0.67624,0.64049,0.49461282034,3.66215016375,76,261
0.60901,0.61775,0.520775014011,-1.65811660103,75,218
0.8369,0.92685,0.129573436461,3.82951427691,95,48
0.58747,0.07287,0.0636082651575,2.72658333138,99,21
0.52591,0.43805,0.226819800721,-0.779299405074,92,63
0.1743,0.83463,0.359205060445,3.59395350987,87,130
0.89075,0.19877,0.431898727132,-4.5245830302,49,217
0.66613,0.74695,0.44871163766,-4.35378984283,83,166
0.93181,0.17518,0.0692418571022,-3.68244411325,52,72
0.29647,0.06969,0.823270445842,-0.290656562659,49,430
0.40495,0.35734,0.0578622129521,3.86211955954,100,31
0.15711,0.0456,0.527853294745,-0.220378138557,68,233
0.11419,0.53438,0.117682789725,1.6372348284,93,43
0.14121,0.60984,0.874417038949,-3.35838653716,52,434
0.03817,0.53131,0.954584374119,4.59577049871,49,515
0.37572,0.72523,0.163383788952,-0.211270734095,93,55
0.81785,0.4387,0.932311333612,-0.256136717853,41,531
0.84455,0.95825,0.958781743479,-2.14157625048,21,515
0.94845,0.01161,0.422211335512,-4.95511122409,74,155
0.00625,0.93759,0.893698747468,1.98928244351,49,439
0.12695,0.66215,0.65025603352,4.55230369516,66,318
0.30782,0.27367,0.474402398471,-4.5683256538,78,193
0.59363,0.97497,0.408038417108,3.8890164316,71,197
0.83423,0.1286,0.778615806577,-4.28068539544,56,364
0.1255,0.58629,0.43345511011,3.33384194178,85,128
0.33756,0.70983,0.523132045099,0.391200011039,79,223
0.31308,0.59972,0.286909205824,-4.2863624584,84,97
0.84265,0.62713,0.606095270898,-1.26127693229,66,255
0.22037,0.81856,0.790459812109,1.15070150457,16,434
0.85249,0.11068,0.463739338764,-4.60856166473,23,226
0.45374,0.35249,0.644150348369,2.12911747032,68,303
0.54081,0.60206,0.688947602593,1.7210261055,61,343
0.47513,0.79077,0.208053189412,-1.06836573829,87,75
0.66358,0.92528,0.164791999061,2.862611263,73,66
0.78339,0.96171,0.358302716435,0.00728144042179,77,160
0.53582,0.81751,0.343037241409,0.779239653387,74,155
0.20631,0.4921,0.142951214933,3.99701203469,95,48
0.06333,0.29654,0.749399020974,3.35854980571,63,353
0.79923,0.23124,0.164159643371,0.295297110661,41,89
0.91181,0.28025,0.927043081786,1.3252175806,41,526
0.02182,0.96969,0.3896344669,2.83874743594,83,135
0.63801,0.09348,0.907659936025,-2.02655999689,47,487
0.60915,0.87471,0.646929962335,0.379932041563,63,283
0.72264,0.48687,0.902227441881,4.80504185523,49,422
0.33175,0.45358,0.519090841946,0.345759182487,82,209
0.1456,0.08707,0.0512280630523,-3.6352371485,43,42
0.99744,0.85033,0.997069046404,-2.72860590902,14,557
0.19444,0.97531,0.786497032733,-4.77552206714,52,414
0.49322,0.21234,0.584830277825,4.35221612594,73,268
0.39992,0.59843,0.512560690934,-0.245454393859,68,237
0.57848,0.97377,0.151353755311,0.76288971562,90,81
0.5656,0.67296,0.307357353429,-2.03752119287,84,130
0.10719,0.85459,0.171736243917,-3.74731433122,91,80
0.32908,0.74613,0.63369702526,-3.24438003537,67,278
0.40988,0.87533,0.411815058575,-1.90441256429,80,212
0.62494,0.5647,0.3181373503,1.88472597985,83,139
0.30954,0.62873,0.0137758914274,0.985450085905,88,17
0.75484,0.42107,0.357585422647,-0.78644174634,81,149
0.65703,0.93559,0.488347926199,-0.228368794614,70,208
0.91246,0.82299,0.992073488971,1.67546562395,17,480
0.16322,0.97481,0.387866014368,3.63586213996,90,133
0.37104,0.55517,0.265648462423,2.55530140722,91,99
0.79907,0.47649,0.773980419375,-4.1101246831,57,389
0.85716,0.1439,0.875360512189,1.27697332376,45,411
0.85861,0.2949,0.191669696102,3.15884310101,74,84
0.86975,0.1062,0.84028634697,-1.93078418895,47,447
0.59748,0.11516,0.957664681854,-4.26336494725,47,506
0.54328,0.76286,0.35653086406,2.70168435042,84,160
0.09181,0.72738,0.73601937544,-1.10507768135,57,342
0.18748,0.27353,0.107185576522,-2.95122716223,65,280
0.05255,0.97493,0.480615049627,4.1783732174,83,165
0.44758,0.40025,0.916647542687,2.04993177072,46,520
0.27048,0.95907,0.198949706534,2.49787168104,61,62
0.58168,0.03788,0.0803683176613,-1.24777600713,60,28
0.86128,0.55512,0.738033644521,4.8182044858,57,327
0.17801,0.4475,0.877935155906,1.23960295341,45,474
0.09622,0.57899,0.937239799027,-3.46012584902,48,457
0.6493,0.98356,0.929999048494,-4.83940744911,48,427
0.16706,0.51225,0.993540506778,-2.68904396053,49,472
0.98443,0.45148,0.0304010678863,-3.51010276362,2,34
0.64937,0.00281,0.817605695317,0.479466590562,50,399
0.3433,0.32417,0.131539588654,-3.67499051426,79,129
0.12426,0.08484,0.526352128408,-1.22035258217,74,233
0.71251,0.83307,0.603135007144,3.54643025652,65,305
0.92105,0.99246,0.203189156136,-0.643602524963,33,124
0.40008,0.34466,0.849299132371,0.539711803858,52,432
0.53482,0.61579,0.634056286721,-4.28215720952,64,303
0.68957,0.50662,0.875441981385,2.65924396758,48,413
0.19118,0.86828,0.600931877071,2.1328541407,66,282
0.57305,0.53958,0.622439590299,0.409060238368,65,301
0.41159,0.17591,0.537495155547,-2.18900800089,70,220
0.97442,0.15206,0.452049426986,-1.98798609385,9,242
0.70883,0.72111,0.321267810201,1.7794863509,83,150
0.81515,0.80073,0.577063821044,-4.32382016751,46,283
0.12609,0.9348,0.287580140683,-0.419827463195,88,94
0.10791,0.95256,0.812705238566,4.87130756121,53,390
0.31486,0.1447,0.766796763173,-1.70745633964,55,344
0.41818,0.30925,0.271132789221,2.26488321683,91,101
0.37276,0.37702,0.247563235736,-3.77642944427,86,100
0.53907,0.61793,0.0767159766067,0.278211925653,87,29
0.94033,0.34881,0.358480274241,4.88009722239,38,191
0.19242,0.95172,0.837353871845,-2.98956167281,51,395
0.11154,0.89672,0.112431665547,-3.3496083474,98,72
0.69428,0.90356,0.242967996091,-0.992874710482,83,95
0.49564,0.31522,0.741214729033,-1.02482280591,64,322
0.02145,0.15406,0.891612957156,3.85488272355,46,465
0.81012,0.26679,0.886170458731,-3.12733154027,44,513
0.65421,0.02382,0.734432409467,1.06514551663,60,393
0.07629,0.60118,0.088074885602,4.43981946528,99,30
0.41841,0.29039,0.304789330087,3.91848659408,93,103
0.91277,0.30581,0.720546486972,-2.2654744815,33,344
0.12179,0.69196,0.37906848964,2.75302768697,82,134
0.5637,0.50663,0.777431199507,4.739648687,55,420
0.20954,0.35512,0.161075986079,0.0333538698612,83,46
0.75102,0.21105,0.551229661108,3.42424165563,78,238
0.02928,0.71631,0.795650433105,-1.93959710443,57,397
0.824,0.44168,0.0882821346734,-3.88544893233,74,198
0.92298,0.57667,0.682042989245,3.7420564748,42,339
0.64118,0.72938,0.675951823577,4.87754757141,65,291
0.65353,0.43824,0.670488485877,4.06693897499,65,294
0.96955,0.95794,0.0452409807809,-0.70493660759,8,155
0.83044,0.86011,0.923574597559,4.60829920019,43,486
0.63183,0.67352,0.970092729444,-4.36579317596,50,529
0.13966,0.31865,0.704638497193,0.917025718655,65,299
0.46942,0.10172,0.661418686837,-4.07022826509,60,335
0.83718,0.21266,0.570810859841,4.31131421221,63,270
0.24377,0.55277,0.273249090807,1.91210124731,92,83
0.64875,0.78833,0.996712545283,0.0273790853086,49,473
0.55061,0.54081,0.26795227731,0.702454736196,93,98
0.71296,0.84579,0.85058772074,-0.378665662324,53,371
0.29129,0.47535,0.10791918778,-3.31090441415,76,205
0.40167,0.99178,0.489762334385,3.66435203629,80,227
0.20214,0.35695,0.114142211118,-1.0464374843,90,54
0.23036,0.70167,0.00151498185151,-3.68181667892,0,1521
0.90015,0.54722,0.952467418056,-0.617559331334,20,505
0.29808,0.5648,0.387246252367,-1.86660203217,88,154
0.68733,0.85376,0.74254897569,-1.91000901101,58,358
0.73269,0.12439,0.567743900457,4.90781099769,68,256
0.63652,0.04792,0.0031535433933,1.88006025738,100,4
0.05408,0.50046,0.932740154387,-1.17893035055,55,476
0.26746,0.8452,0.690911799083,-4.58458033887,64,340
0.92187,0.84568,0.771075527161,-0.958833451665,32,343
0.32125,0.7209,0.604331048426,2.30365233344,68,296
0.17205,0.78422,0.60089871325,-3.0580757139,68,255
0.20843,0.21508,0.53662947698,-1.96283979772,70,243
0.05121,0.85513,0.10054662457,-0.962125934423,98,25
0.72512,0.40924,0.568667362209,-1.11930471367,72,289
0.99735,0.64601,0.232502304163,3.18328487102,8,173
0.64693,0.14396,0.902523474428,-4.50283449499,45,468
0.14086,0.27318,0.461869608789,3.46178545186,87,185
0.06721,0.08236,0.262948449648,-1.06064019653,72,128
0.69398,0.50281,0.258897105025,-4.13203517026,75,127
0.57022,0.31499,0.779615612186,-4.46961746598,54,434
0.49412,0.91377,0.270099708505,1.13527712705,87,121
0.25818,0.73115,0.0544280411087,-3.88726659604,91,40
0.706,0.59731,0.901739971493,-4.25599884614,52,426
0.94188,0.03188,0.365400516158,2.14273386825,87,138
0.61199,0.34686,0.540610092431,-2.90793218633,81,198
0.59157,0.33901,0.830717397042,-3.02276483876,53,436
0.70661,0.48843,0.979550886215,-0.444513128061,44,469
0.97462,0.98693,0.432081340412,1.20516883521,33,199
0.7659,0.62032,0.824372726308,-1.34931131956,52,411
0.32378,0.12215,0.0645912906456,4.73107962366,94,51
0.37374,0.59894,0.0757403064917,2.34731717056,97,26
0.03161,0.23898,0.536929616479,-3.46582514415,70,235
0.81159,0.75835,0.0810006703949,2.63489168246,83,30
0.86852,0.27575,0.417258158889,-1.70257805254,61,184
0.34928,0.19971,0.133725030571,-3.65925382643,77,133
0.34331,0.38484,0.39173459751,4.73192541267,92,158
0.22726,0.36895,0.752729360252,2.09026778028,59,379
0.19463,0.00331,0.61661068456,-4.15057955589,13,297
0.71578,0.77623,0.745847249646,0.559024473847,57,337
0.8552,0.51776,0.526615440725,1.63328963996,77,237
0.31553,0.99781,0.294950797716,-3.30163814669,83,111
0.68859,0.56391,0.213283723427,4.94041468544,94,69
0.94605,0.56349,0.41718491501,-4.21401299711,27,247
0.85144,0.03214,0.871179984513,-1.53409549745,52,414
0.14249,0.76069,0.537915059555,-4.30843639543,72,230
0.93018,0.83276,0.523608084478,-1.34597021912,28,258
0.7517,0.6369,0.588346764925,-1.79315726694,77,288
0.96478,0.90178,0.249753161961,1.70472306579,23,161
0.19207,0.14356,0.771104285462,4.85853512772,62,399
0.11244,0.97061,0.578683095624,1.55697388019,75,254
0.34469,0.2679,0.536189189931,-1.59506866608,81,192
0.76602,0.83395,0.708377662604,0.0588998882453,51,364
0.39718,0.84105,0.300433588091,-3.55568423742,93,123
0.66132,0.98093,0.175017041355,-1.50504371229,83,81
0.50157,0.52072,0.701433722193,-4.8765513258,60,307
0.75621,0.91353,0.275029282006,-1.92465162802,91,130
0.56937,0.51166,0.785758553782,2.5102775251,59,376
0.51553,0.10047,0.29267381504,-3.55518316574,67,257
0.25248,0.4908,0.510650760789,3.11293439627,77,197
0.66242,0.52536,0.857323690268,0.0993327373357,55,437
0.65663,0.55237,0.614018351255,-4.87767963237,64,261
0.5654,0.2037,0.0416563188136,3.99137101989,100,16
0.21725,0.8203,0.580883907209,-0.714952754714,73,251
0.69391,0.54574,0.517896671729,-0.27464809729,75,198
0.60189,0.53263,0.799994628575,-3.41449949185,56,386
0.18598,0.42842,0.888487027305,3.27342570649,42,489
0.73611,0.45047,0.483414811736,1.33732531108,76,180
0.10298,0.12854,0.500270983685,2.28760264031,78,213
0.44248,0.8862,0.411106886464,4.23452755465,87,141
0.16994,0.52281,0.491106637674,-2.12915136244,76,200
0.48824,0.31632,0.0622346039179,3.52687628993,98,25
0.99469,0.62974,0.381061515259,-2.06232256496,15,276
0.50525,0.02406,0.387999209354,-3.54970080213,64,192
0.10115,0.85967,0.7745338612,2.40237012429,56,372
0.7185,0.14546,0.78123090538,3.65200910361,50,363
0.06913,0.45542,0.669346797099,4.47248210907,67,277
0.75772,0.4528,0.393318369074,-4.46760181667,86,165
0.95461,0.89928,0.573833163986,1.14315479457,25,307
0.31778,0.90022,0.157376057566,-0.770096972332,93,64
0.26421,0.77174,0.369498527355,-1.0660651136,86,145
0.00105,0.62889,0.288342914298,3.38398822231,94,89
0.28853,0.94732,0.811172262124,1.96426266029,51,387
0.69848,0.99386,0.252183552064,3.11583834429,58,155
0.16584,0.52314,0.355058688696,3.22243648551,94,128
0.22861,0.0084,0.472939041396,-0.0420159450093,58,218
0.04325,0.51432,0.780440794206,-2.13103048408,53,395
0.40899,0.73314,0.708908053958,3.34813565908,63,350
0.01866,0.89237,0.575375526719,-2.67788683104,72,281
0.14939,0.0167,0.101525845474,-4.95282407304,26,509
0.48426,0.84958,0.174405656175,-3.97561356285,91,84
0.12939,0.84906,0.121841804086,3.33787679929,98,49
0.34831,0.89282,0.869509845989,3.75357335476,46,447
0.19305,0.46391,0.873429841004,-3.23721840944,46,477
0.2276,0.56137,0.789676732833,-2.74637313453,57,374
0.17212,0.23997,0.668817912047,-1.3218548912,70,305
0.52851,0.72206,0.445963609074,-4.67743549076,76,196
0.74488,0.66361,0.335016812151,3.15597483259,86,137
0.50262,0.35817,0.747660953798,0.310128278222,62,368
0.58557,0.56308,0.296757354841,2.27647190148,89,103
0.24117,0.44943,0.22052711169,1.5070446521,93,76
0.0622,0.95236,0.695379003266,-0.221709778117,64,332
0.01736,0.57597,0.247516049459,3.6555781437,93,105
0.80524,0.28311,0.980860050966,-1.40522912377,44,492
0.72402,0.83484,0.721861064359,0.493508721519,58,323
0.5751,0.697,0.603460512456,-1.87396273003,67,281
0.60584,0.87849,0.402024884185,3.06445272599,71,185
0.94843,0.79864,0.758113070693,2.59246604626,22,376
0.59146,0.19244,0.377777114968,-1.53460791473,72,182
0.08691,0.78876,0.695374174774,-2.3861134235,61,323
0.8016,0.60042,0.479567586059,0.28876437917,72,221
0.58456,0.94876,0.997555471579,0.105793877397,46,514
0.78395,0.9845,0.243807677038,-4.7579353141,92,120
0.84047,0.38938,0.167807057701,1.52200301763,79,79
0.38058,0.7787,0.939998847335,-1.70687687539,50,492
0.40115,0.06713,0.885639268907,2.80049856458,55,437
0.75754,0.61531,0.695754466864,-3.8136419521,65,335
0.26694,0.48416,0.46636201834,-0.601808535144,81,191
0.74315,0.28512,0.533217714473,3.80621187163,70,278
0.73004,0.91412,0.452534957538,-4.44719261369,78,188
0.08517,0.36918,0.235342774758,-4.23444863548,90,117
0.37655,0.21572,0.219396309464,4.8610124902,97,68
0.63167,0.42021,0.520625926097,4.51838589532,77,186
0.64688,0.73452,0.448423322979,0.542963449735,74,191
0.63314,0.41755,0.388732294127,-1.74399363517,79,196
0.82501,0.35505,0.365857048573,-0.846797347389,77,134
0.39023,0.51034,0.606921813938,-4.0485483695,74,252
0.47994,0.24584,0.284209293129,3.18619303661,89,124
0.14345,0.16881,0.714021027119,4.868573702,60,348
0.32138,0.00772,0.81074888253,3.741253347,47,376
0.4149,0.10147,0.348375244956,4.43520333527,88,120
0.53951,0.40224,0.925905126728,-0.54126586288,46,511
0.27683,0.62527,0.581367158616,3.95673975874,69,252
0.30192,0.56498,0.659119393805,-2.37762295418,67,276
0.49587,0.91825,0.0310883856781,3.83879166942,89,129
0.74306,0.22174,0.255815798603,1.50642133142,90,86
0.18267,0.64388,0.87654946156,1.66995840033,42,472
0.14351,0.27328,0.636534361692,-0.356404777935,68,320
0.33154,0.19691,0.0661580156406,-1.25099875766,46,42
0.54937,0.24868,0.611149781094,4.19305069159,74,250
0.72486,0.27073,0.0765953849272,2.86325420411,86,40
0.62553,0.0899,0.00868631394108,0.757246138045,12,7
0.39831,0.7519,0.364146290094,-4.70836519601,87,142
0.82808,0.2049,0.857531988769,4.26792424693,61,390
0.3655,0.64241,0.409613595232,1.47073215783,78,176
0.08973,0.7791,0.0381555115949,4.33454998936,100,16
0.90215,0.82755,0.760578833682,3.33941170515,30,396
0.8031,0.7401,0.858328551291,0.599543193572,50,451
0.51524,0.1812,0.56421675438,4.34308618685,71,237
0.46672,0.6968,0.793377611516,3.45294864068,57,392
0.61372,0.89076,0.528917417913,2.0229563837,72,285
0.718,0.74546,0.0649539138393,3.11507205717,96,22
0.92503,0.88587,0.396273477858,1.35021802275,35,244
0.63733,0.35329,0.250556657266,-4.87781072017,73,84
0.28852,0.36077,0.129359250094,-3.33810160745,74,82
0.3304,0.26515,0.733120726909,-2.86783499651,65,335
0.88428,0.78218,0.105768690437,3.36289844903,91,39
0.52683,0.77102,0.1078723374,2.9587224037,93,38
0.37135,0.68478,0.37777238613,-2.65535828095,83,153
0.78675,0.75076,0.374295569193,1.40656460593,88,118
0.47403,0.80081,0.92875515178,-4.73234326986,52,432
0.76555,0.49175,0.545740178736,3.91606982627,72,212
0.11269,0.54329,0.0229394108794,-1.10302625475,77,19
0.51719,0.28627,0.570629544261,-1.9060957406,70,236
0.81356,0.47748,0.305832683174,3.24698621178,85,103
0.82392,0.12278,0.451924528428,-3.13763225044,87,173
0.64263,0.4876,0.937792025352,-1.21806953726,51,483
0.49307,0.00417,0.967206854152,-2.29154867782,49,513
0.98791,0.71691,0.0367202306067,-4.58015493104,10,31
0.37741,0.5805,0.453168622711,0.436268746227,80,230
0.88416,0.57723,0.927085394271,-4.33254867566,22,546
0.84504,0.96422,0.510777008996,2.02226659365,78,241
0.04055,0.61559,0.53812143627,4.6924672711,76,249
0.38661,0.4316,0.00688919828829,1.58424906683,14,12
0.38092,0.76077,0.885886829102,3.87036118658,50,481
0.81148,0.44125,0.580343276711,-0.88180336614,63,256
0.09316,0.62832,0.229988897506,0.112009459073,86,99
0.98661,0.57668,0.334764095785,-0.762730855241,22,195
0.83013,0.46368,0.28600781855,-0.0927823842268,81,132
0.79176,0.85858,0.133535840242,0.674136401194,93,81
0.79123,0.87054,0.732817061872,2.7391646498,40,355
0.63371,0.14659,0.605817694508,2.17602731706,75,245
0.96411,0.79999,0.653217940477,-1.42565116615,31,346
0.25425,0.58685,0.00626082382257,0.721155091417,85,3
0.02544,0.95616,0.0725203204524,-0.627667771985,83,27
0.38982,0.875,0.132653115479,-3.51332156022,95,55
0.52099,0.77286,0.462977708869,2.41153129952,73,220
0.93681,0.77765,0.354719227459,-0.168239196784,29,181
0.47487,0.72952,0.0832536205735,-2.25714093501,63,60
0.7237,0.55785,0.358212952587,4.61809326251,79,129
0.18246,0.60325,0.897584909768,-0.119511720088,48,394
0.59881,0.71788,0.194717339063,-3.00116937401,93,84
0.29038,0.78205,0.0752682310866,3.25373266805,99,37
0.85951,0.23905,0.365596277754,1.94081832539,80,140
0.87376,0.64918,0.564191276914,1.49188160429,65,243
0.27415,0.06437,0.30298786222,2.50948724303,90,110
0.79076,0.91063,0.109998561131,-1.88062144784,86,85
0.32518,0.40464,0.257067163692,4.67638415141,88,111
0.85819,0.47702,0.192691438023,4.04822804256,95,63
0.15777,0.32129,0.482544532351,1.84690187558,84,222
0.20647,0.57748,0.107160650652,2.06832154238,98,30
0.05095,0.97606,0.47453656957,0.955015798656,80,176
0.6197,0.71566,0.308407384203,-0.102297382123,78,147
0.88494,0.06487,0.393529574478,2.43352648298,41,173
0.77489,0.41279,0.332493481956,-2.5922419929,85,139
0.99149,0.53424,0.0492677176685,4.44799859826,4,127
0.57012,0.00165,0.815476568512,-0.928415110475,23,374
0.30993,0.1301,0.274970894171,-4.96828133661,86,320
0.48368,0.71803,0.260908096503,-3.02245457665,90,80
0.2173,0.16474,0.776908928193,-2.75247905303,56,397
0.31166,0.72726,0.0506352005241,3.73001860796,100,20
0.74511,0.90059,0.70346467556,-0.952697738866,61,341
0.22871,0.90077,0.351564408391,-2.02683232717,88,131
0.288,0.74851,0.36625872074,-0.222929230581,88,156
0.04342,0.20709,0.609515609148,2.57012868194,72,283
0.97446,0.73246,0.745178252848,-4.40458163922,27,381
0.6381,0.29769,0.250705776251,-3.26027952512,88,94
0.93176,0.04516,0.510056836925,-1.68132489298,71,229
0.6775,0.08275,0.602144844849,-2.14661548269,70,246
0.598,0.62462,0.35500689082,2.11251893883,87,115
0.99876,0.97972,0.40168362136,-0.660623964844,15,401
0.01369,0.51365,0.516601868051,-4.59323676243,71,278
0.37573,0.79087,0.793669520203,3.21583556948,42,412
0.94605,0.44604,0.121960119754,-3.10304657304,15,196
0.35099,0.35597,0.566137650054,2.2050847254,79,254
0.07466,0.50014,0.697659130229,3.49413781953,72,319
0.53385,0.66172,0.38019632091,-4.95909608782,76,167
0.98815,0.29423,0.00122629666754,4.87320769864,40,403
0.45375,0.48305,0.100415581556,3.02892517806,99,33
0.61117,0.07875,0.79195632054,4.05168800322,51,421
0.03943,0.30302,0.0999899034071,-0.92123675932,87,41
0.53134,0.2784,0.288105915722,0.0594083185301,87,107
0.36814,0.14468,0.982288769751,4.69396825725,47,482
0.47798,0.89561,0.847226790123,-2.97909215486,52,417
0.03819,0.64048,0.803478313676,1.2849298782,55,422
0.58806,0.24818,0.73731697387,-2.12006062211,60,382
0.76997,0.46154,0.463786692393,4.18642245037,68,197
0.74233,0.83693,0.492726341394,0.341897160091,74,213
0.89302,0.06146,0.662555141015,1.88547267176,63,354
0.33896,0.01836,0.593552953535,2.31811442031,81,244
0.17989,0.59442,0.248693663237,1.17396527813,96,88
0.19245,0.87997,0.427504078156,2.51181000494,83,187
0.3588,0.11637,0.76628757972,2.40029109952,55,383
0.6295,0.45054,0.786421110439,-2.20489003853,50,400
0.81515,0.1268,0.488989714926,-0.160267917543,70,190
0.92339,0.92827,0.730590572542,0.999935818169,23,351
0.6809,0.31929,0.210851611579,-0.648757716431,85,55
0.41806,0.09553,0.679072804069,-3.33961089912,55,293
0.85357,0.76993,0.114747408761,2.35024904679,81,56
0.52923,0.62719,0.66520099053,-3.25755328233,70,274
0.6834,0.3027,0.672947967815,-1.55944940383,56,321
0.27254,0.82568,0.73594556344,4.28629997484,61,336
0.00356,0.54165,0.664581987879,0.500605499522,74,291
0.67977,0.87312,0.904856313223,3.24959247988,44,458
0.8106,0.75515,0.864978516833,2.79400028926,45,457
0.17773,0.93944,0.338773454628,2.89046359684,87,132
0.30258,0.42711,0.0898831828498,4.31781760908,95,46
0.50294,0.60085,0.255863813162,-0.538166908165,92,90
0.13933,0.47709,0.59053073272,-1.78732754228,75,252
0.76686,0.84778,0.513069223433,1.1294004958,71,228
0.7935,0.70968,0.258734892968,-3.0573506575,93,99
0.51968,0.64539,0.888160144804,0.758895960383,51,402
0.29289,0.57896,0.600187776567,1.98971332994,76,284
0.01715,0.57228,0.420831790492,0.22200269197,88,142
0.70352,0.32656,0.88004416959,-2.63796056848,45,419
0.65234,0.06335,0.692011794247,-0.505764261539,49,351
0.59628,0.3098,0.912225738971,4.71767276355,52,446
0.80837,0.92881,0.701848906056,2.96167942938,43,332
0.12263,0.56998,0.96418848019,-0.445419483818,44,530
0.37434,0.1973,0.151359986218,4.14571449491,98,66
0.34045,0.85041,0.242336184159,2.17658382427,89,94
0.0777,0.70418,0.537888010038,1.20468310488,80,203
0.54992,0.14663,0.61161290646,0.93514743415,67,254
0.89592,0.7349,0.515711421795,2.20089054062,47,237
0.698,0.21616,0.892653132289,-1.3661354027,49,448
0.2146,0.63334,0.585890380315,-4.56283405652,71,240
0.2877,0.33224,0.464133766925,-1.91134984867,84,175
0.53499,0.48658,0.802485567355,-0.183898618854,49,459
0.31747,0.31711,0.0148029588344,-1.45991252867,1,159
0.27613,0.25699,0.755731081611,-0.759113709386,57,325
0.206,0.19867,0.799081132535,-3.08885606054,54,397
0.44714,0.76725,0.524825660284,0.275776612508,67,198
0.14233,0.94899,0.973972105653,-0.449075243718,47,497
0.87434,0.0323,0.692407971846,3.44392746195,68,272
0.63667,0.24072,0.238244031636,-1.377602244,79,115
0.22864,0.21555,0.162709592137,1.21286435077,89,55
0.87156,0.54032,0.893579420851,-0.389811841349,42,513
0.83044,0.90737,0.49939590567,0.120778887593,78,215
0.1051,0.22422,0.83770713099,4.75361783994,51,430
0.53199,0.59934,0.288670124584,1.47757061197,81,116
0.02237,0.91331,0.238237136834,-0.433565575885,94,70
0.25593,4e-05,0.39185103247,3.18322379061,74,282
0.71914,0.61808,0.906072134737,4.31045739416,53,450
0.93008,0.77553,0.072952952958,4.7809023606,20,70
0.88612,0.39888,0.11087558267,0.60078003106,35,78
0.00038,0.42867,0.227626782066,0.759400769538,94,65
0.40827,0.53127,0.62002633528,-3.30593349787,68,277
0.66136,0.94377,0.0789600480903,1.98134871695,93,34
0.40285,0.45522,0.445911606464,-3.64087430456,86,156
0.84665,0.74346,0.589752308615,4.63082592541,79,264
0.14328,0.70729,0.539116639883,4.35531432282,75,257
0.49338,0.14891,0.0763721001772,4.92928912863,99,34
0.81202,0.392,0.970043100175,-0.505075572848,48,455
0.43746,0.89111,0.0931021299432,1.51630601209,85,38
0.52077,0.92801,0.00645709933587,3.78620153416,100,8
0.41588,0.82172,0.443338950959,-2.53745431554,76,200
0.53344,0.90478,0.722397457033,-4.45218668001,49,390
0.75383,0.19472,0.424641018913,-3.03923490055,57,204
0.65445,0.86617,0.0736264805684,1.04569603123,87,46
0.58374,0.4367,0.287956664232,1.5169785223,94,101
0.95144,0.71929,0.92459979756,0.750220881465,15,475
0.74024,0.15849,0.578609692503,2.12800253058,75,251
0.02866,0.58238,0.783038396298,2.661811516,58,380
0.51467,0.72597,0.721407039782,0.0357742687563,58,362
0.98636,0.40792,0.859807269909,-0.35609389273,15,473
0.64088,0.41502,0.716037328945,0.0493148381339,65,335
0.88557,0.72163,0.313842890446,3.01891975233,71,150
0.69767,0.36583,0.649027429278,-3.83836653211,68,278
0.53023,0.75862,0.0420598409743,1.58595779098,92,34
0.02517,0.32157,0.607396357766,-2.27332326196,73,270
0.36588,0.0051,0.176725182259,-0.0958631093088,27,78
0.78143,0.34019,0.0318002985432,-4.79440862412,16,787
0.66286,0.76901,0.331877348769,-4.53231959226,84,157
0.138,0.68965,0.00912871160841,-4.18613322415,66,378
0.10091,0.33851,0.514724501543,-2.17344895942,79,188
0.16985,0.90761,0.584435095105,0.114955017605,71,240
0.15498,0.49701,0.809178368655,-2.64271677494,51,395
0.16513,0.55617,0.935396228496,-4.71091381885,48,476
0.68346,0.79686,0.967641953487,-0.404737012528,47,454
0.99536,0.51482,0.936789978128,1.82091896395,21,496
0.1144,0.4786,0.0509189673243,-4.53484115636,50,188
0.2391,0.56953,0.106761155323,3.71703527673,97,45
0.25037,0.70756,0.584475576847,-3.07555644772,68,263
0.79566,0.02973,0.825976590728,2.70043193901,57,365
0.93233,0.85508,0.377002528711,-3.42010900601,32,213
0.89601,0.77045,0.775863545753,-0.0233544324914,29,400
0.80899,0.37863,0.377976150442,-4.7144937059,88,158
0.8796,0.33117,0.363863893898,-3.40026423645,42,145
0.29679,0.20667,0.780410462147,2.43944397874,59,378
0.46771,0.49407,0.113741303756,4.38074883979,99,25
0.4321,0.43113,0.408199546586,0.618406813087,82,127
0.81361,0.76063,0.492712277315,0.702875640218,71,226
0.26481,0.59401,0.715548934214,0.066786749788,66,337
0.16927,0.11221,0.651302143059,-3.94659850186,66,293
0.11276,0.97558,0.0188152344606,-4.73887051841,56,165
0.95836,0.44367,0.0523130801196,-3.9338943821,8,37
0.11192,0.14411,0.824818482464,4.31764615539,50,443
0.85687,0.34169,0.958344420792,0.772999074515,49,505
0.44109,0.99959,0.16072911578,3.73037369518,86,76
0.76204,0.00077,0.267973039915,-4.26714195467,6,162
0.56343,0.90297,0.440604785763,-4.87451241227,69,205
0.73459,0.18426,0.56008665583,0.654114147566,75,258
0.24378,0.35512,0.16907386904,-0.848081279711,88,75
0.60399,0.13446,0.794933958824,0.228780760036,46,421
0.74504,0.3347,0.897554677588,4.58365996715,44,461
0.21751,0.05131,0.725702805503,-3.92480448088,65,342
0.97107,0.68184,0.850214533532,-4.57629808221,21,461
0.27268,0.67817,0.481344398132,-1.09962244607,83,165
0.40337,0.61451,0.984881343687,2.07261022477,47,501
0.00278,0.08,0.418937351488,4.86584149483,76,220
0.20123,0.65606,0.0614009821627,-3.66164310158,88,80
0.62002,0.6083,0.802853706775,-2.90968468625,51,429
0.89098,0.56678,0.56742578757,2.60498911559,48,277
0.51436,0.01059,0.839202824183,1.26679679516,57,412
0.32278,0.57087,0.954123776668,-1.81844811581,48,476
0.85404,0.00423,0.126169709964,-3.95976048469,14,87
0.32192,0.35133,0.806322366317,-2.91461553356,53,411
0.65252,0.62067,0.627142853936,1.59487993019,56,319
0.27142,0.44042,0.147401478744,4.52571701324,96,55
0.70617,0.70761,0.800342206594,3.56358715853,56,422
0.80684,0.00775,0.259947078902,4.01370726317,94,87
0.44796,0.87694,0.791876795119,-1.6046832699,56,352
0.71955,0.18296,0.473752518884,1.00509139457,79,201
0.25592,0.71723,0.518859887829,0.700493652551,79,210
0.82267,0.42608,0.549727610817,4.26361722714,67,253
0.95249,0.54699,0.139556266586,-0.321086525118,17,149
0.46798,0.77621,0.38807574064,-2.45807326586,90,142
0.28511,0.89311,0.0213911315381,-4.10465889212,35,96
0.69669,0.42012,0.519175842011,-0.223346568607,77,215
0.49447,0.67384,0.481454158508,-2.40377331865,70,238
0.39855,0.25911,0.709551795163,-4.03844181023,62,325
0.24834,0.85015,0.0565656656749,1.22491801238,97,14
0.25856,0.81613,0.461416660459,3.89535400099,78,210
0.21439,0.01202,0.574952023741,4.96515706383,66,327
0.8169,0.94991,0.118523093534,1.85429840839,89,66
0.05747,0.94278,0.734449547572,-1.9775147158,62,329
0.51186,0.04334,0.850260680692,-4.04679115487,47,450
0.34771,0.8216,0.175887089809,2.4246782251,92,66
0.35992,0.29261,0.884849136426,4.94914989425,46,430
0.08245,0.72406,0.0397648972217,-0.260654466978,74,23
0.83896,0.59442,0.531264129444,-3.70138605277,69,249
0.46008,0.16175,0.165936904713,3.06520805706,94,42
0.6954,0.90056,0.359771516847,2.557074853,76,184
0.37348,0.22241,0.961430581644,2.87209965941,45,490
0.76291,0.67613,0.156230041569,-1.85949302518,87,100
0.90209,0.02103,0.794457462251,-1.48585190505,49,363
0.34502,0.18507,0.0893584552385,-1.56822491683,59,248
0.56174,0.36337,0.670823085257,-0.00554485405676,64,311
0.65888,0.87836,0.921272134033,2.52354781343,48,486
0.27193,0.0486,0.113907984125,-2.63303836308,2,874
0.38573,0.03212,0.319720199778,-2.73798327145,95,115
0.71124,0.94057,0.28994557353,2.69234672208,85,114
0.22128,0.51876,0.0226023444714,-2.71081467596,62,152
0.03397,0.42832,0.992486201435,0.304175556657,49,515
0.09925,0.44363,0.499030012793,2.72133946976,77,261
0.13834,0.98339,0.451459495695,4.34933533733,79,203
0.6735,0.13985,0.966443752637,-1.19348555985,42,492
0.98027,0.68223,0.0467533106812,1.34035107649,5,224
0.90929,0.69061,0.896475374256,1.23928478234,22,477
0.40613,0.90769,0.564263402125,-3.39500859883,73,252
0.36953,0.69124,0.122197766037,-0.0818713757652,98,45
0.89355,0.12042,0.884704823602,1.56506882922,51,459
0.84711,0.19859,0.43585097447,0.749304477465,71,234
0.05431,0.26505,0.382702270613,-4.34267052612,83,171
0.9792,0.62954,0.181850385694,2.42175124294,6,90
0.41888,0.60354,0.553992667763,-2.97994474083,67,236
0.06103,0.85532,0.790281225291,2.84446475238,52,368
0.31253,0.60028,0.0744200914713,-0.304966751666,94,19
0.61756,0.28427,0.283770681223,0.459801878972,83,92
0.98804,0.49135,0.867273424472,4.06255623788,14,446
0.07371,0.86511,0.788210037277,-4.69821081198,61,379
0.97147,0.60077,0.0201806763306,0.324536403225,0,37
0.40886,0.10415,0.636262132606,0.549611328304,67,273
0.65282,0.41385,0.150561510776,-4.39969583113,74,51
0.87594,0.39153,0.64042767633,1.66183779131,65,267
0.2027,0.72446,0.0733387426296,-0.492103144735,90,21
0.16733,0.23479,0.269397447683,3.45339678978,92,113
0.32148,0.13841,0.437612063679,-3.73013214991,73,198
0.1266,0.02848,0.0685835382712,-2.49632650421,33,1288
0.51016,0.77044,0.193832374693,-2.95611382616,92,78
0.68397,0.69541,0.675197547431,0.205782567934,64,304
0.13719,0.11607,0.448122193862,0.504544285185,80,169
0.43896,0.26134,0.247911399521,-3.46057032927,79,162
0.58752,0.88115,0.381422874596,-1.04759627519,74,172
0.37347,0.81636,0.82682435745,4.81518937628,55,394
0.02825,0.92264,0.816024373384,0.0525216783148,62,372
0.80467,0.65969,0.468396843655,3.96325365308,80,180
0.6719,0.59546,0.629003154055,4.94712027479,69,270
0.7712,0.35716,0.755740885264,-3.0332000282,59,403
0.93157,0.36368,0.854207768659,-2.18541317061,23,437
0.1873,0.62151,0.327810588419,-0.783894266535,96,114
0.13261,0.26265,0.17710627036,-2.52625410964,74,101
0.77226,0.67088,0.327284968348,0.405134641261,79,128
0.74865,0.42215,0.947734476188,0.963535053031,47,509
0.62433,0.56714,0.389975486254,-1.8785845397,81,166
0.45505,0.15591,0.264477553309,0.902797080413,87,91
0.28539,0.96443,0.979195707332,-4.23197571928,42,561
0.57809,0.97785,0.117851055769,2.81030173827,78,70
0.55036,0.55139,0.554351254495,-2.75215867411,76,221
0.89026,0.08462,0.959214848785,-0.22323465474,44,481
0.34707,0.55897,0.487845784181,-1.830560346,88,174
0.08536,0.62282,0.342866498726,-2.50809542232,85,133
0.82825,0.6253,0.0319110088984,-0.110914524136,24,25
0.67263,0.32589,0.57100600857,3.57809728047,70,272
0.4053,0.19074,0.208452643139,-1.45276307797,86,72
0.85389,0.58514,0.573264782514,1.52000348107,72,268
0.00042,0.86007,0.0877983402016,2.68272604447,98,33
0.93221,0.84872,0.879514566803,1.49411762422,21,473
0.53713,0.97383,0.99486750422,3.15982058109,40,498
0.08134,0.99297,0.893959623851,-1.26632936714,49,424
0.8036,0.05646,0.109959096896,-2.62745870858,9,76
0.45877,0.67572,0.238025756918,0.303927766213,88,85
0.61594,0.47933,0.668846296124,3.34438088578,59,318
0.16712,0.43264,0.891707305997,0.107102542729,50,415
0.36446,0.53852,0.89975873041,1.7838365098,51,474
0.95436,0.14386,0.0300459373692,3.00594068513,2,67
0.70485,0.68802,0.545286745847,1.50703707207,73,219
0.28654,0.74719,0.14265679475,-0.0878133617168,91,46
0.36654,0.60747,0.0166810651949,-4.1384429905,30,509
0.92661,0.28781,0.492657674669,-0.0796545040187,29,260
0.4055,0.60797,0.664549515188,0.555577478923,69,268
0.43607,0.02163,0.734775008651,-4.20585611227,46,357
0.52998,0.46055,0.743869063203,-1.38122747547,62,317
0.46491,0.24355,0.494098216407,-0.811877458372,76,229
0.93938,0.41644,0.968018431478,1.76595726427,22,480
0.73934,0.33284,0.137544029993,1.59311921039,75,48
0.6327,0.38104,0.40334055664,-2.8422794848,81,156
0.86746,0.08188,0.953943805829,4.90268859757,46,483
0.76024,0.92719,0.0459847927976,0.22612542238,34,65
0.04585,0.9998,0.701860191743,3.1862322315,63,320
0.60769,0.0079,0.687668263718,-4.68502877689,32,405
0.30944,0.9093,0.194732631885,1.71900249313,91,106
0.68366,0.51145,0.395291698774,-0.756418695655,77,163
0.44631,0.2289,0.883237152675,2.16688828984,51,416
0.62846,0.03027,0.814303755348,1.86085489782,56,396
0.73421,0.33337,0.994484236303,-0.135200905983,45,504
0.06597,0.70355,0.909285662439,-1.70648271041,49,431
0.51188,0.56945,0.141823801446,-2.29082992526,81,57
0.0911,0.77145,0.249934161117,1.70004082187,93,81
0.42799,0.56468,0.484168359267,0.376461263717,70,223
0.56422,0.52329,0.121651598278,0.410507510458,98,30
0.79461,0.28045,0.901534770542,-1.63637101634,47,468
0.66424,0.09118,0.811167639597,-3.52181499728,51,412
0.61085,0.60579,0.00545775974993,0.607473892926,68,16
0.56726,0.78396,0.893697760424,-0.444340654367,54,399
0.22988,0.31171,0.946911498995,-4.02636489701,43,521
0.65081,0.63586,0.406052658203,-4.49781040735,90,148
0.07055,0.68661,0.157732368759,-3.00352276084,94,59
0.50923,0.78246,0.99732835179,-3.27386840657,42,534
0.13792,0.67348,0.040001558573,-1.28776157034,38,93
0.81204,0.46483,0.222746029207,-3.81725839965,61,123
0.78222,0.6187,0.240294622651,1.74512486259,91,87
0.69962,0.86206,0.879009861285,4.4170032168,48,451
0.563,0.19732,0.400604188296,2.54905000497,90,151
0.83578,0.30757,0.331476823077,-1.84124065108,87,128
0.69129,0.33726,0.39197643372,-2.02770349611,87,140
0.3024,0.94721,0.35498471621,2.28663892131,89,170
0.14694,0.67451,0.611709289175,-2.12454400588,72,286
0.5016,0.31481,0.400889724119,3.16037774502,82,170
0.46017,0.73246,0.1755195462,2.72253970881,96,60
0.30061,0.43468,0.578014283407,-0.611015402325,76,281
0.83618,0.86753,0.159906960052,-2.71825303913,75,83
0.3221,0.44939,0.500233380532,-0.882850804708,78,204
0.89122,0.06744,0.719885756647,-0.443386593025,59,327
0.72816,0.85262,0.158630169828,3.61508192258,80,71
0.70991,0.69009,0.0356848079491,-0.192518259226,35,197
0.93509,0.89252,0.838192157626,0.210754720162,25,402
0.13301,0.37415,0.357448412891,-3.30140304801,86,144
0.88109,0.1888,0.727815478901,-0.0973786057198,51,403
0.34895,0.48778,0.191029639473,3.68394784589,96,74
0.21381,0.03324,0.675365522287,0.426658610696,57,376
0.95377,0.03607,0.0498656195298,1.04665945265,5,51
0.76547,0.09254,0.381326801946,3.6750978501,82,144
0.9528,0.97427,0.520219595668,-2.29420123769,35,222
0.9705,0.5838,0.661994978671,4.59905474589,28,353
0.88248,0.49312,0.895191080272,-1.05242664615,37,408
0.30329,0.77643,0.556771324842,1.83272034458,80,247
0.83937,0.5266,0.708548325032,3.16454504223,65,282
0.83005,0.22771,0.822029594724,4.81747918852,51,443
0.70932,0.8059,0.246152154733,3.2186255702,85,123
0.09689,0.34453,0.843622822197,4.17751268746,59,421
0.16356,0.42564,0.506328605492,2.92889144288,74,234
0.29892,0.85678,0.980103210814,2.99941147298,43,549
0.49768,0.83313,0.0887290249573,1.83641964302,87,41
0.91351,0.09774,0.91635622779,2.57940196948,46,457
0.72379,0.72783,0.146513426878,2.09249096768,82,47
0.92948,0.97227,0.611959995453,-2.61718006979,31,323
0.44537,0.88193,0.0109186884127,0.695456721915,51,7
0.13266,0.24491,0.403925203757,0.467082891262,85,137
0.97339,0.54064,0.71196715589,1.50967710057,20,393
0.48053,0.1419,0.0599418584166,-4.81932577177,96,20
0.22694,0.78402,0.577466721307,4.99813304894,68,281
0.02245,0.35101,0.548548134494,-2.04706127682,74,245
0.23306,0.24983,0.167826245251,-4.49813519166,65,265
0.00606,0.93416,0.725346329514,1.80686919297,67,305
0.36999,0.56897,0.563099658755,2.51136063242,70,246
0.97449,0.13936,0.729951754041,2.52133843609,35,339
0.09514,0.03464,0.589623763064,0.123779839524,67,251
0.08586,0.65818,0.306650483862,2.87671471367,87,104
0.26177,0.09453,0.921488635327,-1.97045504401,46,466
0.79065,0.81296,0.860551077026,2.03336426358,52,478
0.48511,0.61558,0.485037451209,-0.0267308025369,72,187
0.8849,0.83666,0.226711366974,2.91527948301,91,88
0.91746,0.68582,0.0643286121863,-4.29787237342,12,107
0.09184,0.49065,0.100640658373,-3.46907064002,73,158
0.85793,0.62004,0.467162995604,-4.68545870482,35,217
0.18721,0.91052,0.179196822535,3.00626615425,97,61
0.1968,0.15689,0.172088957164,-1.28828956872,84,156
0.94606,0.44482,0.999311062797,4.66179267238,22,513
0.14844,0.37525,0.0376847075366,4.375431221,98,27
0.23356,0.35017,0.145685648623,3.65069516397,96,43
0.25617,0.32491,0.539957261527,1.65030594549,76,230
0.39964,0.85284,0.91802393906,-2.75146444948,48,423
0.93435,0.19469,0.326844661202,2.65300293348,50,137
0.61572,0.78281,0.593998155339,-4.86899071486,66,251
0.17476,0.3307,0.943314432786,-3.58710017321,47,492
0.71406,0.62218,0.0214893036558,0.868232488509,34,11
0.00922,0.80558,0.432973063651,3.51639297095,88,142
0.24774,0.19246,0.986052332584,-2.31125218636,41,455
0.60005,0.14333,0.518043325556,1.00651764772,76,208
0.94221,0.74999,0.670440982731,4.71055940925,23,397
0.22278,0.32629,0.629905123389,-2.18856576507,76,270
0.26576,0.73894,0.207547806679,-3.1009314212,84,109
0.38019,0.15459,0.4378908225,-1.32465335174,74,191
0.90168,0.47617,0.378946366264,-2.52354564106,32,182
0.33941,0.01372,0.899569341238,0.87594902625,50,478
0.00602,0.51867,0.146268062706,-1.17471471413,84,157
0.27734,0.93274,0.661838800583,1.64744352451,64,305
0.30787,0.75412,0.756611471473,0.0268272453834,53,383
0.9081,0.29924,0.121036395629,0.154881258359,54,194
0.29085,0.56826,0.0287281699647,3.4785248237,99,13
0.01138,0.00394,0.0220300196875,-2.51368999622,1,1696
0.1483,0.33155,0.644641116803,-0.997389013156,66,304
0.27343,0.67762,0.357900316577,-2.06921154318,83,164
0.62558,0.09765,0.0326700577836,3.40126792486,100,21
0.96233,0.26877,0.374147068198,1.06207278084,24,180
0.70473,0.75247,0.402462854358,-3.50491152082,81,161
0.95025,0.7368,0.740648188079,1.32093370685,30,417
0.27803,0.92807,0.971423834937,3.74149320033,43,546
0.87729,0.50253,0.958166483631,-1.20126048332,33,492
0.69066,0.01003,0.690122023455,3.29689672419,65,310
0.28202,0.61111,0.3785578742,-0.632405772442,88,146
0.56519,0.63457,0.347963243535,-3.07309375782,80,134
0.53122,0.92514,0.775976299439,-0.427621584637,52,402
0.35282,0.74162,0.525323725721,-3.39937954142,71,232
0.95412,0.91046,0.774051238532,0.435200508572,23,377
0.50714,0.48809,0.756336124244,-2.87012591265,56,333
0.3102,0.83183,0.622796802072,3.2815597184,71,299
0.85756,0.32024,0.0456725754251,-3.96041511137,18,43
0.5602,0.11945,0.169372678378,-0.377542866208,43,76
0.81557,0.33789,0.833730396149,1.53125281157,58,438
0.02747,0.16197,0.377870741617,-1.87597611441,73,198
0.20054,0.23111,0.332111370616,-4.87623515384,73,152
0.23683,0.2004,0.368919502359,-4.95587249877,60,163
0.21259,0.97675,0.272813545819,2.16374384351,87,120
0.7275,0.14473,0.407587960544,2.88883816841,86,133
0.49501,0.13722,0.672436110242,0.612022684171,68,290
0.29357,0.96943,0.680841560289,1.85820300117,61,314
0.53966,0.0963,0.546442169314,-4.58273163617,71,262
0.02848,0.36298,0.157782619496,3.29493753233,94,71
0.61191,0.8366,0.0906978601603,-3.0555756474,71,88
0.80301,0.90475,0.11353811164,-4.75155229491,72,51
0.55908,0.71415,0.469391578964,4.79403847041,68,215
0.85489,0.77616,0.85512917674,-1.3497505665,31,429
0.76193,0.14605,0.595217667713,-3.14437501305,72,312
0.12705,0.87628,0.100117720242,3.98080527359,97,36
0.27569,0.52432,0.918535823441,4.50807366008,51,528
0.29371,0.85361,0.907029829689,-4.41254131778,47,441
0.06528,0.53178,0.786915929851,3.76454849372,60,413
0.08831,0.24257,0.446420817402,2.63316908988,79,204
0.39006,0.85472,0.467199954031,3.29043356731,82,179
0.78792,0.99214,0.285304293419,-1.3667686941,89,111
0.66721,0.00141,0.378779922069,0.466769004657,4,222
0.81517,0.31814,0.658130625674,1.05035368741,64,309
0.93536,0.95902,0.953596057325,-1.47140979855,20,485
0.40153,0.07481,0.722976536985,-2.86646651178,53,362
0.37921,0.222,0.00611493240581,1.2046804062,7,9
0.18804,0.24072,0.91333723003,-4.02608211991,46,492
0.93281,0.65424,0.923386286291,3.33936069864,19,524
0.11111,0.19313,0.989740036175,-4.0953272812,45,517
0.8761,0.8113,0.0663652238646,-3.01593244287,43,65
0.40823,0.00036,0.313652577376,4.50613746021,71,331
0.16213,0.32213,0.0562363211719,-3.99085161192,63,108
0.37891,0.68384,0.15727820131,-4.11308780273,87,86
0.93968,0.84984,0.791721769836,4.10919025917,27,396
0.54318,0.82813,0.937555295928,-1.47043532455,47,493
0.64817,0.61835,0.735481906305,-4.3953738975,62,340
0.40849,0.08226,0.437608289221,1.69631883962,88,183
0.31411,0.73052,0.183509718845,-4.12917139843,84,76
0.24678,0.13356,0.61021130121,-3.35060732487,67,271
0.09237,0.22159,0.929094115618,2.09309073217,47,472
0.29482,0.47909,0.181114435932,-1.45771429103,95,98
0.76051,0.20385,0.766272399956,-2.09130927712,59,343
0.76091,0.30917,0.28407331939,4.97056494064,88,109
0.71353,0.21073,0.137217392988,0.573040024755,84,40
0.44389,0.25686,0.154210533189,-4.55395972264,83,193
0.33803,0.83357,0.314352733693,3.86905576855,92,145
0.80825,0.02129,0.478948501863,-4.95284778027,39,244
0.47789,0.89958,0.234225124274,4.26851599727,60,99
0.84427,0.87553,0.978040583762,4.16593726156,46,503
0.83365,0.55001,0.994350994775,3.48809487119,47,503
0.24058,0.02494,0.921304040201,-3.0771172929,48,446
0.34575,0.53293,0.0948195898263,1.7402716914,98,29
0.00379,0.48534,0.153092873282,-1.55720963733,80,64
0.0972,0.92225,0.538735097554,-4.20752301575,85,180
0.45075,0.26586,0.338381176557,4.03692024887,87,136
0.91944,0.69427,0.419967348978,-3.33028365709,27,241
0.54404,0.27439,0.876138372283,1.25851185883,51,504
0.78504,0.78153,0.201630992476,4.73241398627,94,99
0.57292,0.97467,0.628523687201,4.27475511234,60,340
0.592,0.66734,0.719631386089,-2.81116579544,54,354
0.5019,0.98971,0.468436693976,1.43670446715,67,221
0.55717,0.61765,0.0475970940522,-0.597545402246,75,32
0.13557,0.58349,0.8426721982,1.36622434833,53,426
0.86736,0.9941,0.0515778596311,1.08730248301,84,64
0.41872,0.66211,0.746134980598,-2.9488845786,51,365
0.74802,0.44375,0.798192430183,-0.116484591223,52,409
0.2687,0.30353,0.546076138926,-2.27948394626,70,239
0.98272,0.83643,0.166930360254,0.204965652895,27,231
0.20992,0.96549,0.584318815643,0.310207670852,70,249
0.24731,0.85572,0.691022323352,1.81228297364,64,305
0.67435,0.04738,0.725997648129,2.21769503717,61,287
0.06694,0.52323,0.608170408241,-1.78092228179,64,289
0.06156,0.00466,0.718805357362,-0.19981201733,54,315
0.10349,0.45506,0.348514911956,2.10769711745,93,133
0.61598,0.24618,0.681184490752,-1.96815075992,61,364
0.65951,0.16898,0.93443263156,1.15696567281,45,495
0.2749,0.44957,0.676447799796,-1.20936720316,63,288
0.48269,0.65958,0.646256062298,-0.871556977937,69,293
0.3627,0.13567,0.654380721894,-1.95574708285,65,300
0.15317,0.04644,0.579151250863,-4.12221846339,64,254
0.44459,0.15497,0.1777542516,1.65938975824,90,46
0.9499,0.70914,0.3775851765,-1.08457831779,27,198
0.29531,0.18801,0.0767136600234,-2.81732941015,44,176
0.64089,0.32878,0.264721876574,1.49535349295,85,93
0.79652,0.58811,0.172428174545,0.373949903641,87,61
0.04369,0.5216,0.898327629113,2.02960789866,45,452
0.11426,0.21384,0.886394708452,3.80717557798,44,484
0.55342,0.18473,0.961899374421,-1.72847389265,47,513
0.83578,0.18262,0.905161595644,3.11751017042,47,474
0.03167,0.67316,0.0390845876419,-0.539103410694,96,9
0.12047,0.38528,0.195633850261,-2.30312892611,89,90
0.2418,0.39906,0.352681499668,-2.32555438606,79,135
0.83791,0.42257,0.187996223986,-4.85928781143,75,165
0.90617,0.30044,0.578558572341,3.66379521037,65,273
0.16275,0.61926,0.857938495114,-3.69096215256,58,416
0.80945,0.06197,0.993150678289,-2.4864708826,43,504
0.88729,0.33856,0.855406751462,0.623820966916,51,466
0.33966,0.28464,0.225730162313,-0.674502588111,81,84
0.68518,0.02621,0.0909449146479,4.98513247605,97,41
0.04734,0.83056,0.809124917111,3.29236120063,52,391
0.43653,0.31595,0.333832812351,4.77658132346,93,112
0.48103,0.00458,0.224766452068,0.166381456295,24,116
0.64814,0.34277,0.693517823512,4.26968778311,62,338
0.5011,0.12943,0.700020316158,-1.02793028122,57,325
0.22688,0.15422,0.79545882169,-2.58185953924,55,396
0.50993,0.73304,0.69679758456,2.41414438476,58,356
0.1159,0.95371,0.442922073614,3.83057456403,80,178
0.6244,0.74809,0.75660825789,0.321556284095,62,348
0.74005,0.70195,0.757652461694,-0.676800232746,61,336
0.05674,0.53421,0.35926383103,1.11050934233,87,157
0.08653,0.80499,0.021633248112,-3.36678960497,66,155
0.17646,0.36867,0.467771127218,0.0164058798692,79,180
0.53169,0.05169,0.087516755273,-1.70393360656,53,66
0.64129,0.67143,0.252164004247,3.96740412987,91,101
0.73006,0.29644,0.00103178881986,-3.51619729407,13,571
0.63909,0.6552,0.392527330569,-4.52320535618,78,165
0.19882,0.97055,0.373878415443,-4.47788682494,90,137
0.59947,0.5329,0.806644597584,4.81698069627,57,384
0.20398,0.4442,0.858996118976,2.09235013413,56,411
0.10569,0.63506,0.618344189191,-2.80976091377,74,262
0.04183,0.23547,0.750299097217,2.3260651448,62,385
0.33948,0.1622,0.665857278582,-4.11074273383,65,268
0.5867,0.36234,0.111047502341,1.70608213887,86,54
0.91573,0.17024,0.414398516826,3.40573344829,57,188
0.9298,0.00459,0.25332598522,2.15873149474,43,100
0.36491,0.94547,0.9983394339,-2.00373018916,45,496
0.44678,0.66428,0.123566082963,-0.332946967338,93,48
0.27492,0.55489,0.337153700465,-2.43261513298,88,149
0.04569,0.98791,0.669197480576,2.42968244621,65,315
0.72632,0.87863,0.615536558097,0.0553724090949,59,311
0.59773,0.87978,0.614917745406,4.97864925203,65,321
0.87455,0.4974,0.539228878074,-3.22501886023,51,285
0.88499,0.75188,0.2025885744,4.0259050464,92,89
0.27147,0.70735,0.712148017618,1.98611452142,64,359
0.38792,0.73944,0.264174564427,1.48161856294,90,108
0.0882,0.09191,0.0396380757317,3.16264672895,95,38
0.69716,0.77262,0.0928177244059,-3.75563201368,91,82
0.77413,0.12522,0.0947558017262,4.82381539376,99,41
0.70994,0.52162,0.0795670944097,1.25770511557,64,73
0.04132,0.71793,0.86863862443,3.36952402947,60,408
0.29052,0.43456,0.0623066081255,-3.27241123627,78,175
0.67017,0.51182,0.460712673481,-1.47541658246,75,201
0.32168,0.13145,0.62401769731,-0.236995478642,60,322
0.42915,0.5784,0.545592770856,3.12421015957,74,226
0.9889,0.34043,0.530566902355,3.83313594596,10,273
0.4672,0.94239,0.105116883886,3.71040420892,99,45
0.43104,0.24257,0.526014266146,-0.76325291775,80,232
0.90373,0.86545,0.776765644803,0.977207040235,24,362
0.90468,0.37646,0.97545174307,-4.48855495573,19,611
0.83255,0.93352,0.496522562563,0.990296676316,70,204
0.54715,0.29298,0.363902621014,-0.358672181793,82,121
0.44441,0.45549,0.991231109155,-1.36797432829,43,487
0.61862,0.59955,0.720845919624,-0.680607475229,58,323
0.80744,0.3136,0.716866681441,0.332061502748,62,317
0.34569,0.71,0.684669612571,-2.67549901043,59,363
0.95157,0.44544,0.556831778867,4.25543823056,36,280
0.19502,0.81321,0.933993433882,1.76168955793,42,539
0.62735,0.93656,0.252783890072,2.90524799134,88,125
0.95885,0.33931,0.739515649971,-3.2888987072,28,370
0.64312,0.2023,0.952648394848,-0.572287280776,53,471
0.4815,0.84847,0.217888235551,-2.31447223737,84,106
0.90342,0.6394,0.394297163651,3.10383824962,65,181
0.3947,0.99325,0.527404711007,-3.96745921242,76,262
0.25697,0.83899,0.532373926719,-2.20972229198,74,221
0.45777,0.28657,0.958605443876,4.45975273044,46,526
0.78195,0.40627,0.524141010503,-3.18199543463,68,257
0.63731,0.94059,0.709404314903,-1.39335636893,49,356
0.14746,0.86187,0.933995207158,-3.34300907516,46,465
0.61486,0.69715,0.447759760118,4.21862945631,80,207
0.46932,0.96257,0.699697641618,-2.34531475403,65,302
0.99398,0.49539,0.663027264556,-2.56135795197,26,390
0.4107,0.93168,0.689099345297,-0.504554254139,55,345
0.75465,0.79921,0.278515597488,-0.866425957027,88,116
0.32081,0.58365,0.62821992267,3.36522397829,68,295
0.87388,0.88646,0.410981863974,-2.86077408777,37,206
0.57846,0.62186,0.135716896025,-1.04982564034,85,79
0.10095,0.35259,0.262302865333,-2.31549610999,58,129
0.65558,0.22884,0.80478759952,-3.36549293076,59,378
0.80684,0.28522,0.630936552858,-0.452461533086,71,227
0.92519,0.1751,0.926412495394,-2.24958208793,33,463
0.65747,0.70984,0.103099402889,-2.88069248113,76,53
0.44138,0.2453,0.529992572884,1.55839251131,70,259
0.00659,0.72179,0.0321649096903,2.04514848964,99,12
0.41689,0.21605,0.0410969539368,-0.35956295751,69,20
0.79146,0.5081,0.477125651862,0.61658298864,81,180
0.61874,0.41,0.765908257678,-4.04590489065,58,353
0.37718,0.37191,0.872270695013,3.90373715814,50,480
0.0209,0.03718,0.575785306304,-0.0392948787335,65,245
0.481,0.84137,0.605746636068,3.27076261093,68,283
0.81395,0.46376,0.128626194161,-1.36634500646,61,96
0.42533,0.47433,0.0687297873547,2.94994539209,99,27
0.56874,0.21713,0.792415597411,2.60488377038,53,385
0.15493,0.39767,0.84994514708,0.754843384409,56,412
0.92139,0.24419,0.0884336741079,2.97880024049,46,398
0.4584,0.28909,0.366407424828,1.65716072686,83,150
0.47025,0.91009,0.78801599555,-3.92627645806,48,385
0.77183,0.21386,0.137897658799,1.80621692032,80,42
0.08584,0.92462,0.197450815832,-2.5507358912,91,83
0.23969,0.10513,0.48400807381,-1.72814645436,75,213
0.01395,0.17824,0.330819796092,3.49324612664,88,120
0.6203,0.85197,0.154849517646,-2.68434285976,82,170
0.1581,0.50036,0.712837425578,-1.64662262403,59,352
0.91841,0.87805,0.615086224191,4.61276809584,29,260
0.65086,0.85958,0.371118581658,2.18063447216,79,178
0.32246,0.83911,0.90439324544,0.180321091132,55,483
0.39103,0.69285,0.845539436085,-4.26824067869,49,414
0.38089,0.93216,0.85368929653,2.66125602775,53,403
